Date,Close
2011-01-03,184.22000122070312
2011-01-04,185.00999450683594
2011-01-05,187.4199981689453
2011-01-06,185.86000061035156
2011-01-07,185.49000549316406
2011-01-10,184.67999267578125
2011-01-11,184.33999633789062
2011-01-12,184.0800018310547
2011-01-13,185.52999877929688
2011-01-14,188.75
2011-01-18,191.25
2011-01-19,186.8699951171875
2011-01-20,181.9600067138672
2011-01-21,177.4199981689453
2011-01-24,176.85000610351562
2011-01-25,176.6999969482422
2011-01-26,175.38999938964844
2011-01-27,184.4499969482422
2011-01-28,171.13999938964844
2011-01-31,169.63999938964844
2011-02-01,172.11000061035156
2011-02-02,173.52999877929688
2011-02-03,173.7100067138672
2011-02-04,175.92999267578125
2011-02-07,176.42999267578125
2011-02-08,183.05999755859375
2011-02-09,185.3000030517578
2011-02-10,186.2100067138672
2011-02-11,189.25
2011-02-14,190.4199981689453
2011-02-15,189.02999877929688
2011-02-16,186.6199951171875
2011-02-17,187.75999450683594
2011-02-18,186.5
2011-02-22,180.4199981689453
2011-02-23,176.67999267578125
2011-02-24,177.75
2011-02-25,177.24000549316406
2011-02-28,173.2899932861328
2011-03-01,169.44000244140625
2011-03-02,172.02000427246094
2011-03-03,172.7899932861328
2011-03-04,171.6699981689453
2011-03-07,169.0800018310547
2011-03-08,166.88999938964844
2011-03-09,169.0500030517578
2011-03-10,166.13999938964844
2011-03-11,168.07000732421875
2011-03-14,166.72999572753906
2011-03-15,165.0800018310547
2011-03-16,164.6999969482422
2011-03-17,160.97000122070312
2011-03-18,161.82000732421875
2011-03-21,164.52000427246094
2011-03-22,162.60000610351562
2011-03-23,165.32000732421875
2011-03-24,171.10000610351562
2011-03-25,170.97999572753906
2011-03-28,169.35000610351562
2011-03-29,174.6199951171875
2011-03-30,179.4199981689453
2011-03-31,180.1300048828125
2011-04-01,180.1300048828125
2011-04-04,182.94000244140625
2011-04-05,185.2899932861328
2011-04-06,182.75999450683594
2011-04-07,184.91000366210938
2011-04-08,184.7100067138672
2011-04-11,184.0399932861328
2011-04-12,180.47999572753906
2011-04-13,182.2899932861328
2011-04-14,181.82000732421875
2011-04-15,180.00999450683594
2011-04-18,178.33999633789062
2011-04-19,178.82000732421875
2011-04-20,183.8699951171875
2011-04-21,185.88999938964844
2011-04-25,185.4199981689453
2011-04-26,182.3000030517578
2011-04-27,196.6300048828125
2011-04-28,195.07000732421875
2011-04-29,195.80999755859375
2011-05-02,201.19000244140625
2011-05-03,198.4499969482422
2011-05-04,199.97000122070312
2011-05-05,197.11000061035156
2011-05-06,197.60000610351562
2011-05-09,200.8000030517578
2011-05-10,203.94000244140625
2011-05-11,204.3800048828125
2011-05-12,206.07000732421875
2011-05-13,202.55999755859375
2011-05-16,192.50999450683594
2011-05-17,194.80999755859375
2011-05-18,197.08999633789062
2011-05-19,198.8000030517578
2011-05-20,198.64999389648438
2011-05-23,196.22000122070312
2011-05-24,193.27000427246094
2011-05-25,192.25999450683594
2011-05-26,195.0
2011-05-27,194.1300048828125
2011-05-31,196.69000244140625
2011-06-01,192.39999389648438
2011-06-02,193.64999389648438
2011-06-03,188.32000732421875
2011-06-06,185.69000244140625
2011-06-07,187.5500030517578
2011-06-08,188.0500030517578
2011-06-09,189.67999267578125
2011-06-10,186.52999877929688
2011-06-13,186.2899932861328
2011-06-14,189.9600067138672
2011-06-15,185.97999572753906
2011-06-16,183.64999389648438
2011-06-17,186.3699951171875
2011-06-20,187.72000122070312
2011-06-21,194.22999572753906
2011-06-22,191.6300048828125
2011-06-23,194.16000366210938
2011-06-24,192.5500030517578
2011-06-27,201.25
2011-06-28,202.35000610351562
2011-06-29,204.17999267578125
2011-06-30,204.49000549316406
2011-07-01,209.49000549316406
2011-07-05,213.19000244140625
2011-07-06,214.19000244140625
2011-07-07,216.74000549316406
2011-07-08,218.27999877929688
2011-07-11,212.5500030517578
2011-07-12,211.22999572753906
2011-07-13,213.5
2011-07-14,210.3800048828125
2011-07-15,212.8699951171875
2011-07-18,211.52999877929688
2011-07-19,218.05999755859375
2011-07-20,215.5500030517578
2011-07-21,213.2100067138672
2011-07-22,216.52000427246094
2011-07-25,213.49000549316406
2011-07-26,214.17999267578125
2011-07-27,222.52000427246094
2011-07-28,223.89999389648438
2011-07-29,222.52000427246094
2011-08-01,221.32000732421875
2011-08-02,211.6999969482422
2011-08-03,209.9600067138672
2011-08-04,201.47999572753906
2011-08-05,202.6999969482422
2011-08-08,193.6999969482422
2011-08-09,205.08999633789062
2011-08-10,194.1300048828125
2011-08-11,198.36000061035156
2011-08-12,202.3000030517578
2011-08-15,202.9499969482422
2011-08-16,197.67999267578125
2011-08-17,195.92999267578125
2011-08-18,182.52000427246094
2011-08-19,178.92999267578125
2011-08-22,177.5399932861328
2011-08-23,193.5500030517578
2011-08-24,193.72999572753906
2011-08-25,192.02999877929688
2011-08-26,199.27000427246094
2011-08-29,206.52999877929688
2011-08-30,210.9199981689453
2011-08-31,215.22999572753906
2011-09-01,212.5399932861328
2011-09-02,210.0
2011-09-06,216.17999267578125
2011-09-07,219.89999389648438
2011-09-08,217.25999450683594
2011-09-09,211.38999938964844
2011-09-12,216.55999755859375
2011-09-13,219.52999877929688
2011-09-14,222.57000732421875
2011-09-15,226.77999877929688
2011-09-16,239.3000030517578
2011-09-19,241.69000244140625
2011-09-20,233.25
2011-09-21,231.8699951171875
2011-09-22,223.22999572753906
2011-09-23,223.61000061035156
2011-09-26,229.85000610351562
2011-09-27,224.2100067138672
2011-09-28,229.7100067138672
2011-09-29,222.44000244140625
2011-09-30,216.22999572753906
2011-10-03,211.97999572753906
2011-10-04,212.5
2011-10-05,219.5
2011-10-06,221.50999450683594
2011-10-07,224.74000549316406
2011-10-10,231.32000732421875
2011-10-11,235.47999572753906
2011-10-12,236.80999755859375
2011-10-13,236.14999389648438
2011-10-14,246.7100067138672
2011-10-17,242.3300018310547
2011-10-18,243.8800048828125
2011-10-19,231.52999877929688
2011-10-20,233.61000061035156
2011-10-21,234.77999877929688
2011-10-24,237.61000061035156
2011-10-25,227.14999389648438
2011-10-26,198.39999389648438
2011-10-27,206.77999877929688
2011-10-28,217.32000732421875
2011-10-31,213.50999450683594
2011-11-01,212.10000610351562
2011-11-02,215.6199951171875
2011-11-03,218.2899932861328
2011-11-04,216.47999572753906
2011-11-07,217.0
2011-11-08,217.99000549316406
2011-11-09,211.22000122070312
2011-11-10,210.7899932861328
2011-11-11,217.38999938964844
2011-11-14,218.92999267578125
2011-11-15,217.8300018310547
2011-11-16,211.99000549316406
2011-11-17,204.52000427246094
2011-11-18,197.13999938964844
2011-11-21,189.25
2011-11-22,192.33999633789062
2011-11-23,188.99000549316406
2011-11-25,182.39999389648438
2011-11-28,194.14999389648438
2011-11-29,188.38999938964844
2011-11-30,192.2899932861328
2011-12-01,197.1300048828125
2011-12-02,196.02999877929688
2011-12-05,196.24000549316406
2011-12-06,191.99000549316406
2011-12-07,195.32000732421875
2011-12-08,190.47999572753906
2011-12-09,193.02999877929688
2011-12-12,189.52000427246094
2011-12-13,180.50999450683594
2011-12-14,180.2100067138672
2011-12-15,181.25999450683594
2011-12-16,181.25999450683594
2011-12-19,179.3300018310547
2011-12-20,182.52000427246094
2011-12-21,174.35000610351562
2011-12-22,179.02999877929688
2011-12-23,177.27999877929688
2011-12-27,176.27000427246094
2011-12-28,173.88999938964844
2011-12-29,173.86000061035156
2011-12-30,173.10000610351562
2012-01-03,179.02999877929688
2012-01-04,177.50999450683594
2012-01-05,177.61000061035156
2012-01-06,182.61000061035156
2012-01-09,178.55999755859375
2012-01-10,179.33999633789062
2012-01-11,178.89999389648438
2012-01-12,175.92999267578125
2012-01-13,178.4199981689453
2012-01-17,181.66000366210938
2012-01-18,189.44000244140625
2012-01-19,194.4499969482422
2012-01-20,190.92999267578125
2012-01-23,186.08999633789062
2012-01-24,187.0
2012-01-25,187.8000030517578
2012-01-26,193.32000732421875
2012-01-27,195.3699951171875
2012-01-30,192.14999389648438
2012-01-31,194.44000244140625
2012-02-01,179.4600067138672
2012-02-02,181.72000122070312
2012-02-03,187.67999267578125
2012-02-06,183.13999938964844
2012-02-07,184.19000244140625
2012-02-08,185.47999572753906
2012-02-09,184.97999572753906
2012-02-10,185.5399932861328
2012-02-13,191.58999633789062
2012-02-14,191.3000030517578
2012-02-15,184.47000122070312
2012-02-16,179.92999267578125
2012-02-17,182.5
2012-02-21,182.25999450683594
2012-02-22,180.5800018310547
2012-02-23,178.88999938964844
2012-02-24,179.1300048828125
2012-02-27,178.52999877929688
2012-02-28,183.8000030517578
2012-02-29,179.69000244140625
2012-03-01,180.0399932861328
2012-03-02,179.3000030517578
2012-03-05,180.25999450683594
2012-03-06,181.08999633789062
2012-03-07,183.77000427246094
2012-03-08,187.63999938964844
2012-03-09,184.32000732421875
2012-03-12,183.38999938964844
2012-03-13,184.58999633789062
2012-03-14,182.25999450683594
2012-03-15,184.42999267578125
2012-03-16,185.0500030517578
2012-03-19,185.52000427246094
2012-03-20,192.3300018310547
2012-03-21,191.72999572753906
2012-03-22,192.39999389648438
2012-03-23,195.0399932861328
2012-03-26,202.8699951171875
2012-03-27,205.44000244140625
2012-03-28,201.16000366210938
2012-03-29,204.61000061035156
2012-03-30,202.50999450683594
2012-04-02,198.0500030517578
2012-04-03,199.66000366210938
2012-04-04,193.99000549316406
2012-04-05,194.38999938964844
2012-04-09,191.8699951171875
2012-04-10,186.97999572753906
2012-04-11,187.97000122070312
2012-04-12,190.69000244140625
2012-04-13,188.4600067138672
2012-04-16,185.5
2012-04-17,188.38999938964844
2012-04-18,191.07000732421875
2012-04-19,191.10000610351562
2012-04-20,189.97999572753906
2012-04-23,188.24000549316406
2012-04-24,190.3300018310547
2012-04-25,194.4199981689453
2012-04-26,195.99000549316406
2012-04-27,226.85000610351562
2012-04-30,231.89999389648438
2012-05-01,230.0399932861328
2012-05-02,230.25
2012-05-03,229.4499969482422
2012-05-04,223.99000549316406
2012-05-07,225.16000366210938
2012-05-08,223.89999389648438
2012-05-09,222.97999572753906
2012-05-10,226.69000244140625
2012-05-11,227.67999267578125
2012-05-14,222.92999267578125
2012-05-15,224.38999938964844
2012-05-16,224.05999755859375
2012-05-17,218.36000061035156
2012-05-18,213.85000610351562
2012-05-21,218.11000061035156
2012-05-22,215.3300018310547
2012-05-23,217.27999877929688
2012-05-24,215.24000549316406
2012-05-25,212.88999938964844
2012-05-29,214.75
2012-05-30,209.22999572753906
2012-05-31,212.91000366210938
2012-06-01,208.22000122070312
2012-06-04,214.57000732421875
2012-06-05,213.2100067138672
2012-06-06,217.63999938964844
2012-06-07,218.8000030517578
2012-06-08,218.47999572753906
2012-06-11,216.5
2012-06-12,216.4199981689453
2012-06-13,214.72999572753906
2012-06-14,214.4499969482422
2012-06-15,218.35000610351562
2012-06-18,222.66000366210938
2012-06-19,224.02999877929688
2012-06-20,223.02000427246094
2012-06-21,220.57000732421875
2012-06-22,222.16000366210938
2012-06-25,220.07000732421875
2012-06-26,225.61000061035156
2012-06-27,225.6199951171875
2012-06-28,221.30999755859375
2012-06-29,228.35000610351562
2012-07-02,229.32000732421875
2012-07-03,229.52999877929688
2012-07-05,227.05999755859375
2012-07-06,225.0500030517578
2012-07-09,225.0500030517578
2012-07-10,219.5
2012-07-11,218.3699951171875
2012-07-12,215.36000061035156
2012-07-13,218.38999938964844
2012-07-16,216.00999450683594
2012-07-17,216.92999267578125
2012-07-18,217.47000122070312
2012-07-19,226.1699981689453
2012-07-20,228.2899932861328
2012-07-23,226.00999450683594
2012-07-24,223.0399932861328
2012-07-25,217.0500030517578
2012-07-26,220.00999450683594
2012-07-27,237.32000732421875
2012-07-30,236.08999633789062
2012-07-31,233.3000030517578
2012-08-01,232.08999633789062
2012-08-02,230.80999755859375
2012-08-03,234.97000122070312
2012-08-06,233.99000549316406
2012-08-07,236.55999755859375
2012-08-08,234.3800048828125
2012-08-09,234.05999755859375
2012-08-10,232.75
2012-08-13,232.44000244140625
2012-08-14,233.19000244140625
2012-08-15,237.4199981689453
2012-08-16,241.5500030517578
2012-08-17,241.1699981689453
2012-08-20,240.35000610351562
2012-08-21,239.4499969482422
2012-08-22,243.10000610351562
2012-08-23,241.1999969482422
2012-08-24,245.74000549316406
2012-08-27,243.9199981689453
2012-08-28,246.11000061035156
2012-08-29,247.1199951171875
2012-08-30,246.22000122070312
2012-08-31,248.27000427246094
2012-09-04,247.8800048828125
2012-09-05,246.22000122070312
2012-09-06,251.3800048828125
2012-09-07,259.1400146484375
2012-09-10,257.0899963378906
2012-09-11,255.6699981689453
2012-09-12,255.6300048828125
2012-09-13,260.239990234375
2012-09-14,261.2699890136719
2012-09-17,258.0
2012-09-18,258.75
2012-09-19,261.67999267578125
2012-09-20,260.80999755859375
2012-09-21,257.4700012207031
2012-09-24,254.8000030517578
2012-09-25,252.4600067138672
2012-09-26,249.6699981689453
2012-09-27,256.5899963378906
2012-09-28,254.32000732421875
2012-10-01,252.00999450683594
2012-10-02,250.60000610351562
2012-10-03,255.9199981689453
2012-10-04,260.4700012207031
2012-10-05,258.510009765625
2012-10-08,259.05999755859375
2012-10-09,250.9600067138672
2012-10-10,244.99000549316406
2012-10-11,244.22000122070312
2012-10-12,242.36000061035156
2012-10-15,244.17999267578125
2012-10-16,243.94000244140625
2012-10-17,247.49000549316406
2012-10-18,244.85000610351562
2012-10-19,240.0
2012-10-22,233.77999877929688
2012-10-23,234.30999755859375
2012-10-24,228.49000549316406
2012-10-25,222.9199981689453
2012-10-26,238.24000549316406
2012-10-31,232.88999938964844
2012-11-01,232.13999938964844
2012-11-02,232.4199981689453
2012-11-05,234.3300018310547
2012-11-06,237.55999755859375
2012-11-07,232.05999755859375
2012-11-08,227.35000610351562
2012-11-09,226.30999755859375
2012-11-12,226.47000122070312
2012-11-13,226.60000610351562
2012-11-14,222.9499969482422
2012-11-15,220.60000610351562
2012-11-16,225.22999572753906
2012-11-19,229.7100067138672
2012-11-20,233.77999877929688
2012-11-21,238.02999877929688
2012-11-23,239.8800048828125
2012-11-26,243.6199951171875
2012-11-27,243.39999389648438
2012-11-28,247.11000061035156
2012-11-29,251.27000427246094
2012-11-30,252.0500030517578
2012-12-03,250.3300018310547
2012-12-04,252.49000549316406
2012-12-05,253.9600067138672
2012-12-06,253.3699951171875
2012-12-07,253.27000427246094
2012-12-10,247.77000427246094
2012-12-11,250.69000244140625
2012-12-12,251.75999450683594
2012-12-13,251.25
2012-12-14,249.19000244140625
2012-12-17,253.86000061035156
2012-12-18,260.3999938964844
2012-12-19,257.989990234375
2012-12-20,261.5
2012-12-21,256.9200134277344
2012-12-24,258.6199951171875
2012-12-26,248.6300048828125
2012-12-27,248.30999755859375
2012-12-28,245.17999267578125
2012-12-31,250.8699951171875
2013-01-02,257.30999755859375
2013-01-03,258.4800109863281
2013-01-04,259.1499938964844
2013-01-07,268.4599914550781
2013-01-08,266.3800048828125
2013-01-09,266.3500061035156
2013-01-10,265.3399963378906
2013-01-11,267.94000244140625
2013-01-14,272.7300109863281
2013-01-15,271.8999938964844
2013-01-16,268.92999267578125
2013-01-17,270.4800109863281
2013-01-18,272.1199951171875
2013-01-22,270.19000244140625
2013-01-23,268.1099853515625
2013-01-24,273.4599914550781
2013-01-25,283.989990234375
2013-01-28,276.0400085449219
2013-01-29,260.3500061035156
2013-01-30,272.760009765625
2013-01-31,265.5
2013-02-01,265.0
2013-02-04,259.9800109863281
2013-02-05,266.8900146484375
2013-02-06,262.2200012207031
2013-02-07,260.2300109863281
2013-02-08,261.95001220703125
2013-02-11,257.2099914550781
2013-02-12,258.70001220703125
2013-02-13,269.4700012207031
2013-02-14,269.239990234375
2013-02-15,265.0899963378906
2013-02-19,269.75
2013-02-20,266.4100036621094
2013-02-21,265.94000244140625
2013-02-22,265.4200134277344
2013-02-25,259.8699951171875
2013-02-26,259.3599853515625
2013-02-27,263.25
2013-02-28,264.2699890136719
2013-03-01,265.739990234375
2013-03-04,273.1099853515625
2013-03-05,275.5899963378906
2013-03-06,273.7900085449219
2013-03-07,273.8800048828125
2013-03-08,274.19000244140625
2013-03-11,271.239990234375
2013-03-12,274.1300048828125
2013-03-13,275.1000061035156
2013-03-14,265.739990234375
2013-03-15,261.82000732421875
2013-03-18,257.8900146484375
2013-03-19,256.4100036621094
2013-03-20,257.2799987792969
2013-03-21,253.38999938964844
2013-03-22,257.75
2013-03-25,256.0199890136719
2013-03-26,260.30999755859375
2013-03-27,265.29998779296875
2013-03-28,266.489990234375
2013-04-01,261.6099853515625
2013-04-02,263.32000732421875
2013-04-03,259.0299987792969
2013-04-04,259.0799865722656
2013-04-05,255.47999572753906
2013-04-08,258.95001220703125
2013-04-09,261.1400146484375
2013-04-10,264.7699890136719
2013-04-11,269.8500061035156
2013-04-12,272.8699951171875
2013-04-15,267.7200012207031
2013-04-16,272.3399963378906
2013-04-17,267.3999938964844
2013-04-18,259.4200134277344
2013-04-19,260.32000732421875
2013-04-22,263.54998779296875
2013-04-23,268.8999938964844
2013-04-24,268.7799987792969
2013-04-25,274.70001220703125
2013-04-26,254.80999755859375
2013-04-29,249.74000549316406
2013-04-30,253.80999755859375
2013-05-01,248.22999572753906
2013-05-02,252.5500030517578
2013-05-03,258.04998779296875
2013-05-06,255.72000122070312
2013-05-07,257.7300109863281
2013-05-08,258.67999267578125
2013-05-09,260.1600036621094
2013-05-10,263.6300048828125
2013-05-13,264.510009765625
2013-05-14,268.3299865722656
2013-05-15,266.55999755859375
2013-05-16,264.1199951171875
2013-05-17,269.8999938964844
2013-05-20,267.6300048828125
2013-05-21,268.8599853515625
2013-05-22,262.9599914550781
2013-05-23,261.79998779296875
2013-05-24,261.739990234375
2013-05-28,267.2900085449219
2013-05-29,265.5299987792969
2013-05-30,266.8299865722656
2013-05-31,269.20001220703125
2013-06-03,266.8800048828125
2013-06-04,265.70001220703125
2013-06-05,267.1700134277344
2013-06-06,267.8299865722656
2013-06-07,276.8699951171875
2013-06-10,281.07000732421875
2013-06-11,274.7799987792969
2013-06-12,271.6700134277344
2013-06-13,275.7900085449219
2013-06-14,273.989990234375
2013-06-17,278.05999755859375
2013-06-18,281.760009765625
2013-06-19,278.1600036621094
2013-06-20,273.44000244140625
2013-06-21,273.3599853515625
2013-06-24,270.6099853515625
2013-06-25,272.0899963378906
2013-06-26,277.57000732421875
2013-06-27,277.54998779296875
2013-06-28,277.69000244140625
2013-07-01,282.1000061035156
2013-07-02,283.7300109863281
2013-07-03,284.0299987792969
2013-07-05,285.8800048828125
2013-07-08,290.5899963378906
2013-07-09,291.5299987792969
2013-07-10,292.3299865722656
2013-07-11,299.6600036621094
2013-07-12,307.54998779296875
2013-07-15,306.57000732421875
2013-07-16,306.8699951171875
2013-07-17,308.69000244140625
2013-07-18,304.1099853515625
2013-07-19,305.2300109863281
2013-07-22,303.4800109863281
2013-07-23,301.05999755859375
2013-07-24,298.94000244140625
2013-07-25,303.3999938964844
2013-07-26,312.010009765625
2013-07-29,306.1000061035156
2013-07-30,302.4100036621094
2013-07-31,301.2200012207031
2013-08-01,305.57000732421875
2013-08-02,304.2099914550781
2013-08-05,300.989990234375
2013-08-06,300.75
2013-08-07,296.9100036621094
2013-08-08,295.739990234375
2013-08-09,297.260009765625
2013-08-12,296.69000244140625
2013-08-13,293.9700012207031
2013-08-14,291.3399963378906
2013-08-15,286.4700012207031
2013-08-16,284.82000732421875
2013-08-19,285.57000732421875
2013-08-20,287.0899963378906
2013-08-21,284.57000732421875
2013-08-22,289.7300109863281
2013-08-23,290.010009765625
2013-08-26,286.2099914550781
2013-08-27,280.92999267578125
2013-08-28,281.5799865722656
2013-08-29,283.9800109863281
2013-08-30,280.9800109863281
2013-09-03,288.79998779296875
2013-09-04,293.6400146484375
2013-09-05,294.1000061035156
2013-09-06,295.8599853515625
2013-09-09,299.7099914550781
2013-09-10,300.3599853515625
2013-09-11,299.6400146484375
2013-09-12,298.8599853515625
2013-09-13,297.9200134277344
2013-09-16,296.05999755859375
2013-09-17,304.1700134277344
2013-09-18,312.0299987792969
2013-09-19,312.05999755859375
2013-09-20,316.3399963378906
2013-09-23,311.489990234375
2013-09-24,314.1300048828125
2013-09-25,312.6499938964844
2013-09-26,318.1199951171875
2013-09-27,316.010009765625
2013-09-30,312.6400146484375
2013-10-01,320.95001220703125
2013-10-02,320.510009765625
2013-10-03,314.760009765625
2013-10-04,319.0400085449219
2013-10-07,310.0299987792969
2013-10-08,303.2300109863281
2013-10-09,298.2300109863281
2013-10-10,305.1700134277344
2013-10-11,310.8900146484375
2013-10-14,310.70001220703125
2013-10-15,306.3999938964844
2013-10-16,310.489990234375
2013-10-17,310.7699890136719
2013-10-18,328.92999267578125
2013-10-21,326.44000244140625
2013-10-22,332.5400085449219
2013-10-23,326.760009765625
2013-10-24,332.2099914550781
2013-10-25,363.3900146484375
2013-10-28,358.1600036621094
2013-10-29,362.70001220703125
2013-10-30,361.0799865722656
2013-10-31,364.0299987792969
2013-11-01,359.0
2013-11-04,358.739990234375
2013-11-05,358.8900146484375
2013-11-06,356.17999267578125
2013-11-07,343.55999755859375
2013-11-08,350.30999755859375
2013-11-11,354.3800048828125
2013-11-12,349.5299987792969
2013-11-13,356.2200012207031
2013-11-14,367.3999938964844
2013-11-15,369.1700134277344
2013-11-18,366.17999267578125
2013-11-19,364.94000244140625
2013-11-20,362.57000732421875
2013-11-21,368.9200134277344
2013-11-22,372.30999755859375
2013-11-25,376.6400146484375
2013-11-26,381.3699951171875
2013-11-27,386.7099914550781
2013-11-29,393.6199951171875
2013-12-02,392.29998779296875
2013-12-03,384.6600036621094
2013-12-04,385.9599914550781
2013-12-05,384.489990234375
2013-12-06,386.95001220703125
2013-12-09,384.8900146484375
2013-12-10,387.7799987792969
2013-12-11,382.19000244140625
2013-12-12,381.25
2013-12-13,384.239990234375
2013-12-16,388.9700012207031
2013-12-17,387.6499938964844
2013-12-18,395.9599914550781
2013-12-19,395.19000244140625
2013-12-20,402.20001220703125
2013-12-23,402.9200134277344
2013-12-24,399.20001220703125
2013-12-26,404.3900146484375
2013-12-27,398.0799865722656
2013-12-30,393.3699951171875
2013-12-31,398.7900085449219
2014-01-02,397.9700012207031
2014-01-03,396.44000244140625
2014-01-06,393.6300048828125
2014-01-07,398.0299987792969
2014-01-08,401.9200134277344
2014-01-09,401.010009765625
2014-01-10,397.6600036621094
2014-01-13,390.9800109863281
2014-01-14,397.5400085449219
2014-01-15,395.8699951171875
2014-01-16,395.79998779296875
2014-01-17,399.6099853515625
2014-01-21,407.04998779296875
2014-01-22,404.5400085449219
2014-01-23,399.8699951171875
2014-01-24,387.6000061035156
2014-01-27,386.2799987792969
2014-01-28,394.42999267578125
2014-01-29,384.20001220703125
2014-01-30,403.010009765625
2014-01-31,358.69000244140625
2014-02-03,346.1499938964844
2014-02-04,347.95001220703125
2014-02-05,346.45001220703125
2014-02-06,354.5899963378906
2014-02-07,361.0799865722656
2014-02-10,360.8699951171875
2014-02-11,361.7900085449219
2014-02-12,349.25
2014-02-13,357.20001220703125
2014-02-14,357.3500061035156
2014-02-18,353.6499938964844
2014-02-19,347.3800048828125
2014-02-20,349.79998779296875
2014-02-21,346.760009765625
2014-02-24,351.7799987792969
2014-02-25,358.32000732421875
2014-02-26,359.79998779296875
2014-02-27,360.1300048828125
2014-02-28,362.1000061035156
2014-03-03,359.7799987792969
2014-03-04,363.8999938964844
2014-03-05,372.3699951171875
2014-03-06,372.1600036621094
2014-03-07,372.05999755859375
2014-03-10,370.5299987792969
2014-03-11,368.82000732421875
2014-03-12,370.6400146484375
2014-03-13,371.510009765625
2014-03-14,373.739990234375
2014-03-17,375.0400085449219
2014-03-18,378.7699890136719
2014-03-19,373.2300109863281
2014-03-20,368.9700012207031
2014-03-21,360.6199951171875
2014-03-24,351.8500061035156
2014-03-25,354.7099914550781
2014-03-26,343.4100036621094
2014-03-27,338.4700012207031
2014-03-28,338.2900085449219
2014-03-31,336.3699951171875
2014-04-01,342.989990234375
2014-04-02,341.9599914550781
2014-04-03,333.6199951171875
2014-04-04,323.0
2014-04-07,317.760009765625
2014-04-08,327.07000732421875
2014-04-09,331.80999755859375
2014-04-10,317.1099853515625
2014-04-11,311.7300109863281
2014-04-14,315.9100036621094
2014-04-15,316.0799865722656
2014-04-16,323.67999267578125
2014-04-17,324.9100036621094
2014-04-21,330.8699951171875
2014-04-22,329.32000732421875
2014-04-23,324.5799865722656
2014-04-24,337.1499938964844
2014-04-25,303.8299865722656
2014-04-28,296.5799865722656
2014-04-29,300.3800048828125
2014-04-30,304.1300048828125
2014-05-01,307.8900146484375
2014-05-02,308.010009765625
2014-05-05,310.04998779296875
2014-05-06,297.3800048828125
2014-05-07,292.7099914550781
2014-05-08,288.32000732421875
2014-05-09,292.239990234375
2014-05-12,302.8599853515625
2014-05-13,304.6400146484375
2014-05-14,297.6199951171875
2014-05-15,295.19000244140625
2014-05-16,297.70001220703125
2014-05-19,296.760009765625
2014-05-20,301.19000244140625
2014-05-21,305.010009765625
2014-05-22,304.9100036621094
2014-05-23,312.239990234375
2014-05-27,310.82000732421875
2014-05-28,310.1600036621094
2014-05-29,313.7799987792969
2014-05-30,312.54998779296875
2014-06-02,308.8399963378906
2014-06-03,307.19000244140625
2014-06-04,306.7799987792969
2014-06-05,323.57000732421875
2014-06-06,329.6700134277344
2014-06-09,327.5
2014-06-10,332.4100036621094
2014-06-11,335.20001220703125
2014-06-12,325.9100036621094
2014-06-13,326.2699890136719
2014-06-16,327.6199951171875
2014-06-17,325.6199951171875
2014-06-18,334.3800048828125
2014-06-19,327.0
2014-06-20,324.20001220703125
2014-06-23,327.239990234375
2014-06-24,324.1600036621094
2014-06-25,327.44000244140625
2014-06-26,325.69000244140625
2014-06-27,324.57000732421875
2014-06-30,324.7799987792969
2014-07-01,332.3900146484375
2014-07-02,332.8500061035156
2014-07-03,337.489990234375
2014-07-07,333.54998779296875
2014-07-08,323.80999755859375
2014-07-09,329.9700012207031
2014-07-10,327.9200134277344
2014-07-11,346.20001220703125
2014-07-14,355.32000732421875
2014-07-15,354.44000244140625
2014-07-16,355.8999938964844
2014-07-17,352.45001220703125
2014-07-18,358.6600036621094
2014-07-21,359.760009765625
2014-07-22,360.8399963378906
2014-07-23,358.1400146484375
2014-07-24,358.6099853515625
2014-07-25,324.010009765625
2014-07-28,320.4100036621094
2014-07-29,320.0
2014-07-30,322.510009765625
2014-07-31,312.989990234375
2014-08-01,307.05999755859375
2014-08-04,313.6499938964844
2014-08-05,312.32000732421875
2014-08-06,313.8900146484375
2014-08-07,311.45001220703125
2014-08-08,316.79998779296875
2014-08-11,318.3299865722656
2014-08-12,319.32000732421875
2014-08-13,326.2799987792969
2014-08-14,333.2099914550781
2014-08-15,333.6300048828125
2014-08-18,334.5299987792969
2014-08-19,335.1300048828125
2014-08-20,335.7799987792969
2014-08-21,332.9100036621094
2014-08-22,331.5899963378906
2014-08-25,334.0199890136719
2014-08-26,341.8299865722656
2014-08-27,343.17999267578125
2014-08-28,340.0199890136719
2014-08-29,339.0400085449219
2014-09-02,342.3800048828125
2014-09-03,339.0
2014-09-04,345.95001220703125
2014-09-05,346.3800048828125
2014-09-08,342.3399963378906
2014-09-09,329.75
2014-09-10,331.3299865722656
2014-09-11,330.5199890136719
2014-09-12,331.19000244140625
2014-09-15,323.8900146484375
2014-09-16,327.760009765625
2014-09-17,324.0
2014-09-18,325.0
2014-09-19,331.32000732421875
2014-09-22,324.5
2014-09-23,323.6300048828125
2014-09-24,328.2099914550781
2014-09-25,321.92999267578125
2014-09-26,323.2099914550781
2014-09-29,321.82000732421875
2014-09-30,322.44000244140625
2014-10-01,317.4599914550781
2014-10-02,318.4100036621094
2014-10-03,322.739990234375
2014-10-06,322.20001220703125
2014-10-07,316.9800109863281
2014-10-08,322.70001220703125
2014-10-09,315.3699951171875
2014-10-10,311.3900146484375
2014-10-13,306.45001220703125
2014-10-14,308.30999755859375
2014-10-15,305.9700012207031
2014-10-16,302.8599853515625
2014-10-17,303.6400146484375
2014-10-20,306.2099914550781
2014-10-21,315.3299865722656
2014-10-22,312.9700012207031
2014-10-23,313.17999267578125
2014-10-24,287.05999755859375
2014-10-27,289.9700012207031
2014-10-28,295.5899963378906
2014-10-29,294.1199951171875
2014-10-30,299.07000732421875
2014-10-31,305.4599914550781
2014-11-03,305.7200012207031
2014-11-04,302.80999755859375
2014-11-05,296.5199890136719
2014-11-06,296.6400146484375
2014-11-07,299.8599853515625
2014-11-10,305.1099853515625
2014-11-11,312.010009765625
2014-11-12,311.510009765625
2014-11-13,316.4800109863281
2014-11-14,327.82000732421875
2014-11-17,323.04998779296875
2014-11-18,324.92999267578125
2014-11-19,326.5400085449219
2014-11-20,330.5400085449219
2014-11-21,332.6300048828125
2014-11-24,335.6400146484375
2014-11-25,335.0400085449219
2014-11-26,333.57000732421875
2014-11-28,338.6400146484375
2014-12-01,326.0
2014-12-02,326.30999755859375
2014-12-03,316.5
2014-12-04,316.92999267578125
2014-12-05,312.6300048828125
2014-12-08,306.6400146484375
2014-12-09,312.5
2014-12-10,305.8399963378906
2014-12-11,307.3599853515625
2014-12-12,307.32000732421875
2014-12-15,306.07000732421875
2014-12-16,295.05999755859375
2014-12-17,298.8800048828125
2014-12-18,297.7300109863281
2014-12-19,299.8999938964844
2014-12-22,306.5400085449219
2014-12-23,306.2900085449219
2014-12-24,303.0299987792969
2014-12-26,309.0899963378906
2014-12-29,312.0400085449219
2014-12-30,310.29998779296875
2014-12-31,310.3500061035156
2015-01-02,308.5199890136719
2015-01-05,302.19000244140625
2015-01-06,295.2900085449219
2015-01-07,298.4200134277344
2015-01-08,300.4599914550781
2015-01-09,296.92999267578125
2015-01-12,291.4100036621094
2015-01-13,294.739990234375
2015-01-14,293.2699890136719
2015-01-15,286.95001220703125
2015-01-16,290.739990234375
2015-01-20,289.44000244140625
2015-01-21,297.25
2015-01-22,310.32000732421875
2015-01-23,312.3900146484375
2015-01-26,309.6600036621094
2015-01-27,306.75
2015-01-28,303.9100036621094
2015-01-29,311.7799987792969
2015-01-30,354.5299987792969
2015-02-02,364.4700012207031
2015-02-03,363.54998779296875
2015-02-04,364.75
2015-02-05,373.8900146484375
2015-02-06,374.2799987792969
2015-02-09,370.55999755859375
2015-02-10,373.0
2015-02-11,375.1400146484375
2015-02-12,377.1700134277344
2015-02-13,381.8299865722656
2015-02-17,375.42999267578125
2015-02-18,373.3699951171875
2015-02-19,379.0
2015-02-20,383.6600036621094
2015-02-23,380.1400146484375
2015-02-24,378.5899963378906
2015-02-25,385.3699951171875
2015-02-26,384.79998779296875
2015-02-27,380.1600036621094
2015-03-02,385.6600036621094
2015-03-03,384.6099853515625
2015-03-04,382.7200012207031
2015-03-05,387.8299865722656
2015-03-06,380.0899963378906
2015-03-09,378.55999755859375
2015-03-10,369.510009765625
2015-03-11,366.3699951171875
2015-03-12,374.239990234375
2015-03-13,370.5799865722656
2015-03-16,373.3500061035156
2015-03-17,371.9200134277344
2015-03-18,375.1400146484375
2015-03-19,373.239990234375
2015-03-20,378.489990234375
2015-03-23,375.1099853515625
2015-03-24,374.0899963378906
2015-03-25,370.9599914550781
2015-03-26,367.3500061035156
2015-03-27,370.55999755859375
2015-03-30,374.5899963378906
2015-03-31,372.1000061035156
2015-04-01,370.260009765625
2015-04-02,372.25
2015-04-06,377.0400085449219
2015-04-07,374.4100036621094
2015-04-08,381.20001220703125
2015-04-09,383.5400085449219
2015-04-10,382.6499938964844
2015-04-13,382.3599853515625
2015-04-14,385.1099853515625
2015-04-15,383.45001220703125
2015-04-16,386.0400085449219
2015-04-17,375.55999755859375
2015-04-20,389.510009765625
2015-04-21,391.17999267578125
2015-04-22,389.79998779296875
2015-04-23,389.989990234375
2015-04-24,445.1000061035156
2015-04-27,438.55999755859375
2015-04-28,429.30999755859375
2015-04-29,429.3699951171875
2015-04-30,421.7799987792969
2015-05-01,422.8699951171875
2015-05-04,423.0400085449219
2015-05-05,421.19000244140625
2015-05-06,419.1000061035156
2015-05-07,426.8800048828125
2015-05-08,433.69000244140625
2015-05-11,432.8500061035156
2015-05-12,431.0199890136719
2015-05-13,426.8699951171875
2015-05-14,432.2799987792969
2015-05-15,426.0
2015-05-18,425.239990234375
2015-05-19,421.7099914550781
2015-05-20,423.8599853515625
2015-05-21,431.6300048828125
2015-05-22,427.6300048828125
2015-05-26,425.4700012207031
2015-05-27,431.4200134277344
2015-05-28,426.57000732421875
2015-05-29,429.2300109863281
2015-06-01,430.9200134277344
2015-06-02,430.989990234375
2015-06-03,436.5899963378906
2015-06-04,430.7799987792969
2015-06-05,426.95001220703125
2015-06-08,423.5
2015-06-09,425.4800109863281
2015-06-10,430.7699890136719
2015-06-11,432.9700012207031
2015-06-12,429.9200134277344
2015-06-15,423.6700134277344
2015-06-16,427.260009765625
2015-06-17,427.80999755859375
2015-06-18,439.3900146484375
2015-06-19,434.9200134277344
2015-06-22,436.2900085449219
2015-06-23,445.989990234375
2015-06-24,440.8399963378906
2015-06-25,440.1000061035156
2015-06-26,438.1000061035156
2015-06-29,429.8599853515625
2015-06-30,434.0899963378906
2015-07-01,437.3900146484375
2015-07-02,437.7099914550781
2015-07-06,436.0400085449219
2015-07-07,436.7200012207031
2015-07-08,429.70001220703125
2015-07-09,434.3900146484375
2015-07-10,443.510009765625
2015-07-13,455.57000732421875
2015-07-14,465.57000732421875
2015-07-15,461.19000244140625
2015-07-16,475.4800109863281
2015-07-17,483.010009765625
2015-07-20,488.1000061035156
2015-07-21,488.0
2015-07-22,488.2699890136719
2015-07-23,482.17999267578125
2015-07-24,529.4199829101562
2015-07-27,531.4099731445312
2015-07-28,526.030029296875
2015-07-29,529.0
2015-07-30,536.760009765625
2015-07-31,536.1500244140625
2015-08-03,535.030029296875
2015-08-04,531.9000244140625
2015-08-05,537.010009765625
2015-08-06,529.4600219726562
2015-08-07,522.6199951171875
2015-08-10,524.0
2015-08-11,527.4600219726562
2015-08-12,525.9099731445312
2015-08-13,529.6599731445312
2015-08-14,531.52001953125
2015-08-17,535.219970703125
2015-08-18,535.02001953125
2015-08-19,532.9199829101562
2015-08-20,515.780029296875
2015-08-21,494.4700012207031
2015-08-24,463.3699951171875
2015-08-25,466.3699951171875
2015-08-26,500.7699890136719
2015-08-27,518.3699951171875
2015-08-28,518.010009765625
2015-08-31,512.8900146484375
2015-09-01,496.5400085449219
2015-09-02,510.54998779296875
2015-09-03,504.7200012207031
2015-09-04,499.0
2015-09-08,517.5399780273438
2015-09-09,516.8900146484375
2015-09-10,522.239990234375
2015-09-11,529.4400024414062
2015-09-14,521.3800048828125
2015-09-15,522.3699951171875
2015-09-16,527.3900146484375
2015-09-17,538.8699951171875
2015-09-18,540.260009765625
2015-09-21,548.3900146484375
2015-09-22,538.4000244140625
2015-09-23,536.0700073242188
2015-09-24,533.75
2015-09-25,524.25
2015-09-28,504.05999755859375
2015-09-29,496.07000732421875
2015-09-30,511.8900146484375
2015-10-01,520.719970703125
2015-10-02,532.5399780273438
2015-10-05,543.6799926757812
2015-10-06,537.47998046875
2015-10-07,541.9400024414062
2015-10-08,533.1599731445312
2015-10-09,539.7999877929688
2015-10-12,550.1900024414062
2015-10-13,548.9000244140625
2015-10-14,544.8300170898438
2015-10-15,562.4400024414062
2015-10-16,570.760009765625
2015-10-19,573.1500244140625
2015-10-20,560.8800048828125
2015-10-21,555.77001953125
2015-10-22,563.9099731445312
2015-10-23,599.030029296875
2015-10-26,608.6099853515625
2015-10-27,611.010009765625
2015-10-28,617.0999755859375
2015-10-29,626.5499877929688
2015-10-30,625.9000244140625
2015-11-02,628.3499755859375
2015-11-03,625.3099975585938
2015-11-04,640.9500122070312
2015-11-05,655.6500244140625
2015-11-06,659.3699951171875
2015-11-09,655.489990234375
2015-11-10,659.6799926757812
2015-11-11,673.25
2015-11-12,665.5999755859375
2015-11-13,642.3499755859375
2015-11-16,647.8099975585938
2015-11-17,643.2999877929688
2015-11-18,663.5399780273438
2015-11-19,661.27001953125
2015-11-20,668.4500122070312
2015-11-23,678.989990234375
2015-11-24,671.1500244140625
2015-11-25,675.3400268554688
2015-11-27,673.260009765625
2015-11-30,664.7999877929688
2015-12-01,679.0599975585938
2015-12-02,676.010009765625
2015-12-03,666.25
2015-12-04,672.6400146484375
2015-12-07,669.8300170898438
2015-12-08,677.3300170898438
2015-12-09,664.7899780273438
2015-12-10,662.3200073242188
2015-12-11,640.1500244140625
2015-12-14,657.9099731445312
2015-12-15,658.6400146484375
2015-12-16,675.77001953125
2015-12-17,670.6500244140625
2015-12-18,664.1400146484375
2015-12-21,664.510009765625
2015-12-22,663.1500244140625
2015-12-23,663.7000122070312
2015-12-24,662.7899780273438
2015-12-28,675.2000122070312
2015-12-29,693.969970703125
2015-12-30,689.0700073242188
2015-12-31,675.8900146484375
2016-01-04,636.989990234375
2016-01-05,633.7899780273438
2016-01-06,632.6500244140625
2016-01-07,607.9400024414062
2016-01-08,607.0499877929688
2016-01-11,617.739990234375
2016-01-12,617.8900146484375
2016-01-13,581.8099975585938
2016-01-14,593.0
2016-01-15,570.1799926757812
2016-01-19,574.47998046875
2016-01-20,571.77001953125
2016-01-21,575.02001953125
2016-01-22,596.3800048828125
2016-01-25,596.530029296875
2016-01-26,601.25
2016-01-27,583.3499755859375
2016-01-28,635.3499755859375
2016-01-29,587.0
2016-02-01,574.8099975585938
2016-02-02,552.0999755859375
2016-02-03,531.0700073242188
2016-02-04,536.260009765625
2016-02-05,502.1300048828125
2016-02-08,488.1000061035156
2016-02-09,482.07000732421875
2016-02-10,490.4800109863281
2016-02-11,503.82000732421875
2016-02-12,507.0799865722656
2016-02-16,521.0999755859375
2016-02-17,534.0999755859375
2016-02-18,525.0
2016-02-19,534.9000244140625
2016-02-22,559.5
2016-02-23,552.9400024414062
2016-02-24,554.0399780273438
2016-02-25,555.1500244140625
2016-02-26,555.22998046875
2016-02-29,552.52001953125
2016-03-01,579.0399780273438
2016-03-02,580.2100219726562
2016-03-03,577.489990234375
2016-03-04,575.1400146484375
2016-03-07,562.7999877929688
2016-03-08,560.260009765625
2016-03-09,559.469970703125
2016-03-10,558.9299926757812
2016-03-11,569.6099853515625
2016-03-14,573.3699951171875
2016-03-15,577.02001953125
2016-03-16,574.27001953125
2016-03-17,559.4400024414062
2016-03-18,552.0800170898438
2016-03-21,553.97998046875
2016-03-22,560.47998046875
2016-03-23,569.6300048828125
2016-03-24,582.9500122070312
2016-03-28,579.8699951171875
2016-03-29,593.8599853515625
2016-03-30,598.6900024414062
2016-03-31,593.6400146484375
2016-04-01,598.5
2016-04-04,593.1900024414062
2016-04-05,586.1400146484375
2016-04-06,602.0800170898438
2016-04-07,591.4299926757812
2016-04-08,594.5999755859375
2016-04-11,595.9299926757812
2016-04-12,603.1699829101562
2016-04-13,614.8200073242188
2016-04-14,620.75
2016-04-15,625.8900146484375
2016-04-18,635.3499755859375
2016-04-19,627.9000244140625
2016-04-20,632.989990234375
2016-04-21,631.0
2016-04-22,620.5
2016-04-25,626.2000122070312
2016-04-26,616.8800048828125
2016-04-27,606.5700073242188
2016-04-28,602.0
2016-04-29,659.5900268554688
2016-05-02,683.8499755859375
2016-05-03,671.3200073242188
2016-05-04,670.9000244140625
2016-05-05,659.0900268554688
2016-05-06,673.9500122070312
2016-05-09,679.75
2016-05-10,703.0700073242188
2016-05-11,713.22998046875
2016-05-12,717.9299926757812
2016-05-13,709.9199829101562
2016-05-16,710.6599731445312
2016-05-17,695.27001953125
2016-05-18,697.4500122070312
2016-05-19,698.52001953125
2016-05-20,702.7999877929688
2016-05-23,696.75
2016-05-24,704.2000122070312
2016-05-25,708.3499755859375
2016-05-26,714.9099731445312
2016-05-27,712.239990234375
2016-05-31,722.7899780273438
2016-06-01,719.4400024414062
2016-06-02,728.239990234375
2016-06-03,725.5399780273438
2016-06-06,726.72998046875
2016-06-07,723.739990234375
2016-06-08,726.6400146484375
2016-06-09,727.6500244140625
2016-06-10,717.9099731445312
2016-06-13,715.239990234375
2016-06-14,719.2999877929688
2016-06-15,714.260009765625
2016-06-16,717.510009765625
2016-06-17,706.3900146484375
2016-06-20,714.010009765625
2016-06-21,715.8200073242188
2016-06-22,710.5999755859375
2016-06-23,722.0800170898438
2016-06-24,698.9600219726562
2016-06-27,691.3599853515625
2016-06-28,707.9500122070312
2016-06-29,715.5999755859375
2016-06-30,715.6199951171875
2016-07-01,725.6799926757812
2016-07-05,728.0999755859375
2016-07-06,737.6099853515625
2016-07-07,736.5700073242188
2016-07-08,745.8099975585938
2016-07-11,753.780029296875
2016-07-12,748.2100219726562
2016-07-13,742.6300048828125
2016-07-14,741.2000122070312
2016-07-15,735.4400024414062
2016-07-18,736.0700073242188
2016-07-19,739.9500122070312
2016-07-20,745.719970703125
2016-07-21,744.4299926757812
2016-07-22,744.8599853515625
2016-07-25,739.6099853515625
2016-07-26,735.5900268554688
2016-07-27,736.6699829101562
2016-07-28,752.6099853515625
2016-07-29,758.8099975585938
2016-08-01,767.739990234375
2016-08-02,760.5800170898438
2016-08-03,754.6400146484375
2016-08-04,760.77001953125
2016-08-05,765.97998046875
2016-08-08,766.5599975585938
2016-08-09,768.3099975585938
2016-08-10,768.5599975585938
2016-08-11,771.239990234375
2016-08-12,772.5599975585938
2016-08-15,768.489990234375
2016-08-16,764.0399780273438
2016-08-17,764.6300048828125
2016-08-18,764.4600219726562
2016-08-19,757.3099975585938
2016-08-22,759.47998046875
2016-08-23,762.4500122070312
2016-08-24,757.25
2016-08-25,759.219970703125
2016-08-26,769.0
2016-08-29,771.2899780273438
2016-08-30,767.5800170898438
2016-08-31,769.1599731445312
2016-09-01,770.6199951171875
2016-09-02,772.4400024414062
2016-09-06,788.8699951171875
2016-09-07,784.47998046875
2016-09-08,784.0599975585938
2016-09-09,760.1400146484375
2016-09-12,771.489990234375
2016-09-13,761.010009765625
2016-09-14,761.0900268554688
2016-09-15,769.6900024414062
2016-09-16,778.52001953125
2016-09-19,775.0999755859375
2016-09-20,780.219970703125
2016-09-21,789.739990234375
2016-09-22,804.7000122070312
2016-09-23,805.75
2016-09-26,799.1599731445312
2016-09-27,816.1099853515625
2016-09-28,828.719970703125
2016-09-29,829.0499877929688
2016-09-30,837.3099975585938
2016-10-03,836.739990234375
2016-10-04,834.030029296875
2016-10-05,844.3599853515625
2016-10-06,841.6599731445312
2016-10-07,839.4299926757812
2016-10-10,841.7100219726562
2016-10-11,831.0
2016-10-12,834.0900268554688
2016-10-13,829.280029296875
2016-10-14,822.9600219726562
2016-10-17,812.9500122070312
2016-10-18,817.6500244140625
2016-10-19,817.6900024414062
2016-10-20,810.3200073242188
2016-10-21,818.989990234375
2016-10-24,838.0900268554688
2016-10-25,835.1799926757812
2016-10-26,822.5900268554688
2016-10-27,818.3599853515625
2016-10-28,776.3200073242188
2016-10-31,789.8200073242188
2016-11-01,785.4099731445312
2016-11-02,765.5599975585938
2016-11-03,767.030029296875
2016-11-04,755.0499877929688
2016-11-07,784.9299926757812
2016-11-08,787.75
2016-11-09,771.8800048828125
2016-11-10,742.3800048828125
2016-11-11,739.010009765625
2016-11-14,719.0700073242188
2016-11-15,743.239990234375
2016-11-16,746.489990234375
2016-11-17,756.4000244140625
2016-11-18,760.1599731445312
2016-11-21,780.0
2016-11-22,785.3300170898438
2016-11-23,780.1199951171875
2016-11-25,780.3699951171875
2016-11-28,766.77001953125
2016-11-29,762.52001953125
2016-11-30,750.5700073242188
2016-12-01,743.6500244140625
2016-12-02,740.3400268554688
2016-12-05,759.3599853515625
2016-12-06,764.719970703125
2016-12-07,770.4199829101562
2016-12-08,767.3300170898438
2016-12-09,768.6599731445312
2016-12-12,760.1199951171875
2016-12-13,774.3400268554688
2016-12-14,768.8200073242188
2016-12-15,761.0
2016-12-16,757.77001953125
2016-12-19,766.0
2016-12-20,771.219970703125
2016-12-21,770.5999755859375
2016-12-22,766.3400268554688
2016-12-23,760.5900268554688
2016-12-27,771.4000244140625
2016-12-28,772.1300048828125
2016-12-29,765.1500244140625
2016-12-30,749.8699951171875
2017-01-03,753.6699829101562
2017-01-04,757.1799926757812
2017-01-05,780.4500122070312
2017-01-06,795.989990234375
2017-01-09,796.9199829101562
2017-01-10,795.9000244140625
2017-01-11,799.02001953125
2017-01-12,813.6400146484375
2017-01-13,817.1400146484375
2017-01-17,809.719970703125
2017-01-18,807.47998046875
2017-01-19,809.0399780273438
2017-01-20,808.3300170898438
2017-01-23,817.8800048828125
2017-01-24,822.4400024414062
2017-01-25,836.52001953125
2017-01-26,839.1500244140625
2017-01-27,835.77001953125
2017-01-30,830.3800048828125
2017-01-31,823.47998046875
2017-02-01,832.3499755859375
2017-02-02,839.9500122070312
2017-02-03,810.2000122070312
2017-02-06,807.6400146484375
2017-02-07,812.5
2017-02-08,819.7100219726562
2017-02-09,821.3599853515625
2017-02-10,827.4600219726562
2017-02-13,836.530029296875
2017-02-14,836.3900146484375
2017-02-15,842.7000122070312
2017-02-16,844.1400146484375
2017-02-17,845.0700073242188
2017-02-21,856.4400024414062
2017-02-22,855.6099853515625
2017-02-23,852.1900024414062
2017-02-24,845.239990234375
2017-02-27,848.6400146484375
2017-02-28,845.0399780273438
2017-03-01,853.0800170898438
2017-03-02,848.9099731445312
2017-03-03,849.8800048828125
2017-03-06,846.6099853515625
2017-03-07,846.02001953125
2017-03-08,850.5
2017-03-09,853.0
2017-03-10,852.4600219726562
2017-03-13,854.5900268554688
2017-03-14,852.530029296875
2017-03-15,852.969970703125
2017-03-16,853.4199829101562
2017-03-17,852.3099975585938
2017-03-20,856.969970703125
2017-03-21,843.2000122070312
2017-03-22,848.0599975585938
2017-03-23,847.3800048828125
2017-03-24,845.6099853515625
2017-03-27,846.8200073242188
2017-03-28,856.0
2017-03-29,874.3200073242188
2017-03-30,876.3400268554688
2017-03-31,886.5399780273438
2017-04-03,891.510009765625
2017-04-04,906.8300170898438
2017-04-05,909.280029296875
2017-04-06,898.280029296875
2017-04-07,894.8800048828125
2017-04-10,907.0399780273438
2017-04-11,902.3599853515625
2017-04-12,896.22998046875
2017-04-13,884.6699829101562
2017-04-17,901.989990234375
2017-04-18,903.780029296875
2017-04-19,899.2000122070312
2017-04-20,902.0599975585938
2017-04-21,898.530029296875
2017-04-24,907.4099731445312
2017-04-25,907.6199951171875
2017-04-26,909.2899780273438
2017-04-27,918.3800048828125
2017-04-28,924.989990234375
2017-05-01,948.22998046875
2017-05-02,946.9400024414062
2017-05-03,941.030029296875
2017-05-04,937.530029296875
2017-05-05,934.1500244140625
2017-05-08,949.0399780273438
2017-05-09,952.8200073242188
2017-05-10,948.9500122070312
2017-05-11,947.6199951171875
2017-05-12,961.3499755859375
2017-05-15,957.969970703125
2017-05-16,966.0700073242188
2017-05-17,944.760009765625
2017-05-18,958.489990234375
2017-05-19,959.8400268554688
2017-05-22,970.6699829101562
2017-05-23,971.5399780273438
2017-05-24,980.3499755859375
2017-05-25,993.3800048828125
2017-05-26,995.780029296875
2017-05-30,996.7000122070312
2017-05-31,994.6199951171875
2017-06-01,995.9500122070312
2017-06-02,1006.72998046875
2017-06-05,1011.3400268554688
2017-06-06,1003.0
2017-06-07,1010.0700073242188
2017-06-08,1010.27001953125
2017-06-09,978.3099975585938
2017-06-12,964.9099731445312
2017-06-13,980.7899780273438
2017-06-14,976.469970703125
2017-06-15,964.1699829101562
2017-06-16,987.7100219726562
2017-06-19,995.1699829101562
2017-06-20,992.5900268554688
2017-06-21,1002.22998046875
2017-06-22,1001.2999877929688
2017-06-23,1003.739990234375
2017-06-26,993.97998046875
2017-06-27,976.780029296875
2017-06-28,990.3300170898438
2017-06-29,975.9299926757812
2017-06-30,968.0
2017-07-03,953.6599731445312
2017-07-05,971.4000244140625
2017-07-06,965.1400146484375
2017-07-07,978.760009765625
2017-07-10,996.469970703125
2017-07-11,994.1300048828125
2017-07-12,1006.510009765625
2017-07-13,1000.6300048828125
2017-07-14,1001.8099975585938
2017-07-17,1010.0399780273438
2017-07-18,1024.449951171875
2017-07-19,1026.8699951171875
2017-07-20,1028.699951171875
2017-07-21,1025.6700439453125
2017-07-24,1038.949951171875
2017-07-25,1039.8699951171875
2017-07-26,1052.800048828125
2017-07-27,1046.0
2017-07-28,1020.0399780273438
2017-07-31,987.780029296875
2017-08-01,996.1900024414062
2017-08-02,995.8900146484375
2017-08-03,986.9199829101562
2017-08-04,987.5800170898438
2017-08-07,992.27001953125
2017-08-08,989.8400268554688
2017-08-09,982.010009765625
2017-08-10,956.9199829101562
2017-08-11,967.989990234375
2017-08-14,983.2999877929688
2017-08-15,982.739990234375
2017-08-16,978.1799926757812
2017-08-17,960.5700073242188
2017-08-18,958.469970703125
2017-08-21,953.2899780273438
2017-08-22,966.9000244140625
2017-08-23,958.0
2017-08-24,952.4500122070312
2017-08-25,945.260009765625
2017-08-28,946.02001953125
2017-08-29,954.0599975585938
2017-08-30,967.5900268554688
2017-08-31,980.5999755859375
2017-09-01,978.25
2017-09-05,965.27001953125
2017-09-06,967.7999877929688
2017-09-07,979.469970703125
2017-09-08,965.9000244140625
2017-09-11,977.9600219726562
2017-09-12,982.5800170898438
2017-09-13,999.5999755859375
2017-09-14,992.2100219726562
2017-09-15,986.7899780273438
2017-09-18,974.1900024414062
2017-09-19,969.8599853515625
2017-09-20,973.2100219726562
2017-09-21,964.6500244140625
2017-09-22,955.0999755859375
2017-09-25,939.7899780273438
2017-09-26,938.5999755859375
2017-09-27,950.8699951171875
2017-09-28,956.4000244140625
2017-09-29,961.3499755859375
2017-10-02,959.1900024414062
2017-10-03,957.0999755859375
2017-10-04,965.4500122070312
2017-10-05,980.8499755859375
2017-10-06,989.5800170898438
2017-10-09,990.989990234375
2017-10-10,987.2000122070312
2017-10-11,995.0
2017-10-12,1000.9299926757812
2017-10-13,1002.9400024414062
2017-10-16,1006.3400268554688
2017-10-17,1009.1300048828125
2017-10-18,997.0
2017-10-19,986.6099853515625
2017-10-20,982.9099731445312
2017-10-23,966.2999877929688
2017-10-24,975.9000244140625
2017-10-25,972.9099731445312
2017-10-26,972.4299926757812
2017-10-27,1100.949951171875
2017-10-30,1110.8499755859375
2017-10-31,1105.280029296875
2017-11-01,1103.6800537109375
2017-11-02,1094.219970703125
2017-11-03,1111.5999755859375
2017-11-06,1120.6600341796875
2017-11-07,1123.1700439453125
2017-11-08,1132.8800048828125
2017-11-09,1129.1300048828125
2017-11-10,1125.3499755859375
2017-11-13,1129.1700439453125
2017-11-14,1136.8399658203125
2017-11-15,1126.68994140625
2017-11-16,1137.2900390625
2017-11-17,1129.8800048828125
2017-11-20,1126.31005859375
2017-11-21,1139.489990234375
2017-11-22,1156.1600341796875
2017-11-24,1186.0
2017-11-27,1195.8299560546875
2017-11-28,1193.5999755859375
2017-11-29,1161.27001953125
2017-11-30,1176.75
2017-12-01,1162.3499755859375
2017-12-04,1133.949951171875
2017-12-05,1141.5699462890625
2017-12-06,1152.3499755859375
2017-12-07,1159.7900390625
2017-12-08,1162.0
2017-12-11,1168.9200439453125
2017-12-12,1165.0799560546875
2017-12-13,1164.1300048828125
2017-12-14,1174.260009765625
2017-12-15,1179.1400146484375
2017-12-18,1190.5799560546875
2017-12-19,1187.3800048828125
2017-12-20,1177.6199951171875
2017-12-21,1174.760009765625
2017-12-22,1168.3599853515625
2017-12-26,1176.760009765625
2017-12-27,1182.260009765625
2017-12-28,1186.0999755859375
2017-12-29,1169.469970703125
2018-01-02,1189.010009765625
2018-01-03,1204.199951171875
2018-01-04,1209.5899658203125
2018-01-05,1229.1400146484375
2018-01-08,1246.8699951171875
2018-01-09,1252.699951171875
2018-01-10,1254.3299560546875
2018-01-11,1276.6800537109375
2018-01-12,1305.199951171875
2018-01-16,1304.8599853515625
2018-01-17,1295.0
2018-01-18,1293.3199462890625
2018-01-19,1294.5799560546875
2018-01-22,1327.31005859375
2018-01-23,1362.5400390625
2018-01-24,1357.510009765625
2018-01-25,1377.949951171875
2018-01-26,1402.050048828125
2018-01-29,1417.6800537109375
2018-01-30,1437.8199462890625
2018-01-31,1450.8900146484375
2018-02-01,1390.0
2018-02-02,1429.949951171875
2018-02-05,1390.0
2018-02-06,1442.8399658203125
2018-02-07,1416.780029296875
2018-02-08,1350.5
2018-02-09,1339.5999755859375
2018-02-12,1386.22998046875
2018-02-13,1414.510009765625
2018-02-14,1451.050048828125
2018-02-15,1461.760009765625
2018-02-16,1448.68994140625
2018-02-20,1468.3499755859375
2018-02-21,1482.9200439453125
2018-02-22,1485.3399658203125
2018-02-23,1500.0
2018-02-26,1521.949951171875
2018-02-27,1511.97998046875
2018-02-28,1512.449951171875
2018-03-01,1493.449951171875
2018-03-02,1500.25
2018-03-05,1523.6099853515625
2018-03-06,1537.6400146484375
2018-03-07,1545.0
2018-03-08,1551.8599853515625
2018-03-09,1578.8900146484375
2018-03-12,1598.3900146484375
2018-03-13,1588.1800537109375
2018-03-14,1591.0
2018-03-15,1582.3199462890625
2018-03-16,1571.6800537109375
2018-03-19,1544.9300537109375
2018-03-20,1586.510009765625
2018-03-21,1581.8599853515625
2018-03-22,1544.9200439453125
2018-03-23,1495.56005859375
2018-03-26,1555.8599853515625
2018-03-27,1497.050048828125
2018-03-28,1431.4200439453125
2018-03-29,1447.3399658203125
2018-04-02,1371.989990234375
2018-04-03,1392.050048828125
2018-04-04,1410.5699462890625
2018-04-05,1451.75
2018-04-06,1405.22998046875
2018-04-09,1406.0799560546875
2018-04-10,1436.219970703125
2018-04-11,1427.050048828125
2018-04-12,1448.5
2018-04-13,1430.7900390625
2018-04-16,1441.5
2018-04-17,1503.8299560546875
2018-04-18,1527.8399658203125
2018-04-19,1556.9100341796875
2018-04-20,1527.489990234375
2018-04-23,1517.8599853515625
2018-04-24,1460.0899658203125
2018-04-25,1460.1700439453125
2018-04-26,1517.9599609375
2018-04-27,1572.6199951171875
2018-04-30,1566.1300048828125
2018-05-01,1582.260009765625
2018-05-02,1569.6800537109375
2018-05-03,1572.0799560546875
2018-05-04,1580.949951171875
2018-05-07,1600.1400146484375
2018-05-08,1592.3900146484375
2018-05-09,1608.0
2018-05-10,1609.0799560546875
2018-05-11,1602.9100341796875
2018-05-14,1601.5400390625
2018-05-15,1576.1199951171875
2018-05-16,1587.280029296875
2018-05-17,1581.760009765625
2018-05-18,1574.3699951171875
2018-05-21,1585.4599609375
2018-05-22,1581.4000244140625
2018-05-23,1601.8599853515625
2018-05-24,1603.0699462890625
2018-05-25,1610.1500244140625
2018-05-29,1612.8699951171875
2018-05-30,1624.8900146484375
2018-05-31,1629.6199951171875
2018-06-01,1641.5400390625
2018-06-04,1665.27001953125
2018-06-05,1696.3499755859375
2018-06-06,1695.75
2018-06-07,1689.300048828125
2018-06-08,1683.989990234375
2018-06-11,1689.1199951171875
2018-06-12,1698.75
2018-06-13,1704.8599853515625
2018-06-14,1723.8599853515625
2018-06-15,1715.969970703125
2018-06-18,1723.7900390625
2018-06-19,1734.780029296875
2018-06-20,1750.0799560546875
2018-06-21,1730.219970703125
2018-06-22,1715.6700439453125
2018-06-25,1663.1500244140625
2018-06-26,1691.0899658203125
2018-06-27,1660.510009765625
2018-06-28,1701.449951171875
2018-06-29,1699.800048828125
2018-07-02,1713.780029296875
2018-07-03,1693.9599609375
2018-07-05,1699.72998046875
2018-07-06,1710.6300048828125
2018-07-09,1739.02001953125
2018-07-10,1743.0699462890625
2018-07-11,1755.0
2018-07-12,1796.6199951171875
2018-07-13,1813.030029296875
2018-07-16,1822.489990234375
2018-07-17,1843.9300537109375
2018-07-18,1842.9200439453125
2018-07-19,1812.969970703125
2018-07-20,1813.699951171875
2018-07-23,1802.0
2018-07-24,1829.239990234375
2018-07-25,1863.6099853515625
2018-07-26,1808.0
2018-07-27,1817.27001953125
2018-07-30,1779.219970703125
2018-07-31,1777.43994140625
2018-08-01,1797.1700439453125
2018-08-02,1834.3299560546875
2018-08-03,1823.2900390625
2018-08-06,1847.75
2018-08-07,1862.47998046875
2018-08-08,1886.52001953125
2018-08-09,1898.52001953125
2018-08-10,1886.300048828125
2018-08-13,1896.199951171875
2018-08-14,1919.6500244140625
2018-08-15,1882.6199951171875
2018-08-16,1886.52001953125
2018-08-17,1882.219970703125
2018-08-20,1876.7099609375
2018-08-21,1883.4200439453125
2018-08-22,1904.9000244140625
2018-08-23,1902.9000244140625
2018-08-24,1905.3900146484375
2018-08-27,1927.6800537109375
2018-08-28,1932.8199462890625
2018-08-29,1998.0999755859375
2018-08-30,2002.3800048828125
2018-08-31,2012.7099609375
2018-09-04,2039.510009765625
2018-09-05,1994.8199462890625
2018-09-06,1958.31005859375
2018-09-07,1952.0699462890625
2018-09-10,1939.010009765625
2018-09-11,1987.1500244140625
2018-09-12,1990.0
2018-09-13,1989.8699951171875
2018-09-14,1970.18994140625
2018-09-17,1908.030029296875
2018-09-18,1941.050048828125
2018-09-19,1926.4200439453125
2018-09-20,1944.300048828125
2018-09-21,1915.010009765625
2018-09-24,1934.3599853515625
2018-09-25,1974.550048828125
2018-09-26,1974.8499755859375
2018-09-27,2012.97998046875
2018-09-28,2003.0
2018-10-01,2004.3599853515625
2018-10-02,1971.31005859375
2018-10-03,1952.760009765625
2018-10-04,1909.4200439453125
2018-10-05,1889.6500244140625
2018-10-08,1864.4200439453125
2018-10-09,1870.3199462890625
2018-10-10,1755.25
2018-10-11,1719.3599853515625
2018-10-12,1788.6099853515625
2018-10-15,1760.949951171875
2018-10-16,1819.9599609375
2018-10-17,1831.72998046875
2018-10-18,1770.719970703125
2018-10-19,1764.030029296875
2018-10-22,1789.300048828125
2018-10-23,1768.699951171875
2018-10-24,1664.199951171875
2018-10-25,1782.1700439453125
2018-10-26,1642.81005859375
2018-10-29,1538.8800048828125
2018-10-30,1530.4200439453125
2018-10-31,1598.010009765625
2018-11-01,1665.530029296875
2018-11-02,1665.530029296875
2018-11-05,1627.800048828125
2018-11-06,1642.81005859375
2018-11-07,1755.489990234375
2018-11-08,1754.9100341796875
2018-11-09,1712.4300537109375
2018-11-12,1636.8499755859375
2018-11-13,1631.1700439453125
2018-11-14,1599.010009765625
2018-11-15,1619.43994140625
2018-11-16,1593.4100341796875
2018-11-19,1512.2900390625
2018-11-20,1495.4599609375
2018-11-21,1516.72998046875
2018-11-23,1502.06005859375
2018-11-26,1581.3299560546875
2018-11-27,1581.4200439453125
2018-11-28,1677.75
2018-11-29,1673.5699462890625
2018-11-30,1690.1700439453125
2018-12-03,1772.3599853515625
2018-12-04,1668.4000244140625
2018-12-06,1699.18994140625
2018-12-07,1629.1300048828125
2018-12-10,1641.030029296875
2018-12-11,1643.239990234375
2018-12-12,1663.5400390625
2018-12-13,1658.3800048828125
2018-12-14,1591.9100341796875
2018-12-17,1520.9100341796875
2018-12-18,1551.47998046875
2018-12-19,1495.0799560546875
2018-12-20,1460.8299560546875
2018-12-21,1377.449951171875
2018-12-24,1343.9599609375
2018-12-26,1470.9000244140625
2018-12-27,1461.6400146484375
2018-12-28,1478.02001953125
2018-12-31,1501.969970703125
2019-01-02,1539.1300048828125
2019-01-03,1500.280029296875
2019-01-04,1575.3900146484375
2019-01-07,1629.510009765625
2019-01-08,1656.5799560546875
2019-01-09,1659.4200439453125
2019-01-10,1656.219970703125
2019-01-11,1640.56005859375
2019-01-14,1617.2099609375
2019-01-15,1674.56005859375
2019-01-16,1683.780029296875
2019-01-17,1693.219970703125
2019-01-18,1696.199951171875
2019-01-22,1632.1700439453125
2019-01-23,1640.02001953125
2019-01-24,1654.9300537109375
2019-01-25,1670.5699462890625
2019-01-28,1637.8900146484375
2019-01-29,1593.8800048828125
2019-01-30,1670.4300537109375
2019-01-31,1718.72998046875
2019-02-01,1626.22998046875
2019-02-04,1633.31005859375
2019-02-05,1658.81005859375
2019-02-06,1640.260009765625
2019-02-07,1614.3699951171875
2019-02-08,1588.219970703125
2019-02-11,1591.0
2019-02-12,1638.010009765625
2019-02-13,1640.0
2019-02-14,1622.6500244140625
2019-02-15,1607.949951171875
2019-02-19,1627.5799560546875
2019-02-20,1622.0999755859375
2019-02-21,1619.43994140625
2019-02-22,1631.56005859375
2019-02-25,1633.0
2019-02-26,1636.4000244140625
2019-02-27,1641.0899658203125
2019-02-28,1639.8299560546875
2019-03-01,1671.72998046875
2019-03-04,1696.1700439453125
2019-03-05,1692.4300537109375
2019-03-06,1668.949951171875
2019-03-07,1625.949951171875
2019-03-08,1620.800048828125
2019-03-11,1670.6199951171875
2019-03-12,1673.0999755859375
2019-03-13,1690.81005859375
2019-03-14,1686.219970703125
2019-03-15,1712.3599853515625
2019-03-18,1742.1500244140625
2019-03-19,1761.8499755859375
2019-03-20,1797.27001953125
2019-03-21,1819.260009765625
2019-03-22,1764.77001953125
2019-03-25,1774.260009765625
2019-03-26,1783.760009765625
2019-03-27,1765.699951171875
2019-03-28,1773.4200439453125
2019-03-29,1780.75
2019-04-01,1814.18994140625
2019-04-02,1813.97998046875
2019-04-03,1820.699951171875
2019-04-04,1818.8599853515625
2019-04-05,1837.280029296875
2019-04-08,1849.8599853515625
2019-04-09,1835.8399658203125
2019-04-10,1847.3299560546875
2019-04-11,1844.0699462890625
2019-04-12,1843.06005859375
2019-04-15,1844.8699951171875
2019-04-16,1863.0400390625
2019-04-17,1864.8199462890625
2019-04-18,1861.68994140625
2019-04-22,1887.31005859375
2019-04-23,1923.77001953125
2019-04-24,1901.75
2019-04-25,1902.25
2019-04-26,1950.6300048828125
2019-04-29,1938.4300537109375
2019-04-30,1926.52001953125
2019-05-01,1911.52001953125
2019-05-02,1900.8199462890625
2019-05-03,1962.4599609375
2019-05-06,1950.550048828125
2019-05-07,1921.0
2019-05-08,1917.77001953125
2019-05-09,1899.8699951171875
2019-05-10,1889.97998046875
2019-05-13,1822.6800537109375
2019-05-14,1840.1199951171875
2019-05-15,1871.1500244140625
2019-05-16,1907.5699462890625
2019-05-17,1869.0
2019-05-20,1858.969970703125
2019-05-21,1857.52001953125
2019-05-22,1859.6800537109375
2019-05-23,1815.47998046875
2019-05-24,1823.280029296875
2019-05-28,1836.4300537109375
2019-05-29,1819.18994140625
2019-05-30,1816.3199462890625
2019-05-31,1775.0699462890625
2019-06-03,1692.68994140625
2019-06-04,1729.56005859375
2019-06-05,1738.5
2019-06-06,1754.3599853515625
2019-06-07,1804.030029296875
2019-06-10,1860.6300048828125
2019-06-11,1863.699951171875
2019-06-12,1855.3199462890625
2019-06-13,1870.300048828125
2019-06-14,1869.6700439453125
2019-06-17,1886.030029296875
2019-06-18,1901.3699951171875
2019-06-19,1908.7900390625
2019-06-20,1918.18994140625
2019-06-21,1911.300048828125
2019-06-24,1913.9000244140625
2019-06-25,1878.27001953125
2019-06-26,1897.8299560546875
2019-06-27,1904.280029296875
2019-06-28,1893.6300048828125
2019-07-01,1922.18994140625
2019-07-02,1934.31005859375
2019-07-03,1939.0
2019-07-05,1942.9100341796875
2019-07-08,1952.3199462890625
2019-07-09,1988.300048828125
2019-07-10,2017.4100341796875
2019-07-11,2001.0699462890625
2019-07-12,2011.0
2019-07-15,2020.989990234375
2019-07-16,2009.9000244140625
2019-07-17,1992.030029296875
2019-07-18,1977.9000244140625
2019-07-19,1964.52001953125
2019-07-22,1985.6300048828125
2019-07-23,1994.489990234375
2019-07-24,2000.81005859375
2019-07-25,1973.8199462890625
2019-07-26,1943.050048828125
2019-07-29,1912.449951171875
2019-07-30,1898.530029296875
2019-07-31,1866.780029296875
2019-08-01,1855.3199462890625
2019-08-02,1823.239990234375
2019-08-05,1765.1300048828125
2019-08-06,1787.8299560546875
2019-08-07,1793.4000244140625
2019-08-08,1832.8900146484375
2019-08-09,1807.5799560546875
2019-08-12,1784.9200439453125
2019-08-13,1824.3399658203125
2019-08-14,1762.9599609375
2019-08-15,1776.1199951171875
2019-08-16,1792.5699462890625
2019-08-19,1816.1199951171875
2019-08-20,1801.3800048828125
2019-08-21,1823.5400390625
2019-08-22,1804.6600341796875
2019-08-23,1749.6199951171875
2019-08-26,1768.8699951171875
2019-08-27,1761.8299560546875
2019-08-28,1764.25
2019-08-29,1786.4000244140625
2019-08-30,1776.2900390625
2019-09-03,1789.8399658203125
2019-09-04,1800.6199951171875
2019-09-05,1840.719970703125
2019-09-06,1833.510009765625
2019-09-09,1831.3499755859375
2019-09-10,1820.550048828125
2019-09-11,1822.989990234375
2019-09-12,1843.550048828125
2019-09-13,1839.3399658203125
2019-09-16,1807.8399658203125
2019-09-17,1822.550048828125
2019-09-18,1817.4599609375
2019-09-19,1821.5
2019-09-20,1794.1600341796875
2019-09-23,1785.300048828125
2019-09-24,1741.6099853515625
2019-09-25,1768.3299560546875
2019-09-26,1739.8399658203125
2019-09-27,1725.449951171875
2019-09-30,1735.9100341796875
2019-10-01,1735.6500244140625
2019-10-02,1713.22998046875
2019-10-03,1724.4200439453125
2019-10-04,1739.6500244140625
2019-10-07,1732.6600341796875
2019-10-08,1705.510009765625
2019-10-09,1721.989990234375
2019-10-10,1720.260009765625
2019-10-11,1731.9200439453125
2019-10-14,1736.4300537109375
2019-10-15,1767.3800048828125
2019-10-16,1777.4300537109375
2019-10-17,1787.47998046875
2019-10-18,1757.510009765625
2019-10-21,1785.6600341796875
2019-10-22,1765.72998046875
2019-10-23,1762.1700439453125
2019-10-24,1780.780029296875
2019-10-25,1761.3299560546875
2019-10-28,1777.0799560546875
2019-10-29,1762.7099609375
2019-10-30,1779.989990234375
2019-10-31,1776.6600341796875
2019-11-01,1791.43994140625
2019-11-04,1804.6600341796875
2019-11-05,1801.7099609375
2019-11-06,1795.77001953125
2019-11-07,1788.199951171875
2019-11-08,1785.8800048828125
2019-11-11,1771.6500244140625
2019-11-12,1778.0
2019-11-13,1753.1099853515625
2019-11-14,1754.5999755859375
2019-11-15,1739.489990234375
2019-11-18,1752.530029296875
2019-11-19,1752.7900390625
2019-11-20,1745.530029296875
2019-11-21,1734.7099609375
2019-11-22,1745.719970703125
2019-11-25,1773.8399658203125
2019-11-26,1796.93994140625
2019-11-27,1818.510009765625
2019-11-29,1800.800048828125
2019-12-02,1781.5999755859375
2019-12-03,1769.9599609375
2019-12-04,1760.68994140625
2019-12-05,1740.47998046875
2019-12-06,1751.5999755859375
2019-12-09,1749.510009765625
2019-12-10,1739.2099609375
2019-12-11,1748.719970703125
2019-12-12,1760.3299560546875
2019-12-13,1760.93994140625
2019-12-16,1769.2099609375
2019-12-17,1790.6600341796875
2019-12-18,1784.030029296875
2019-12-19,1792.280029296875
2019-12-20,1786.5
2019-12-23,1793.0
2019-12-24,1789.2099609375
2019-12-26,1868.77001953125
2019-12-27,1869.800048828125
2019-12-30,1846.8900146484375
2019-12-31,1847.8399658203125
2020-01-02,1898.010009765625
2020-01-03,1874.969970703125
2020-01-06,1902.8800048828125
2020-01-07,1906.8599853515625
2020-01-08,1891.969970703125
2020-01-09,1901.050048828125
2020-01-10,1883.1600341796875
2020-01-13,1891.300048828125
2020-01-14,1869.43994140625
2020-01-15,1862.02001953125
2020-01-16,1877.93994140625
2020-01-17,1864.719970703125
2020-01-21,1892.0
2020-01-22,1887.4599609375
2020-01-23,1884.5799560546875
2020-01-24,1861.6400146484375
2020-01-27,1828.3399658203125
2020-01-28,1853.25
2020-01-29,1858.0
2020-01-30,1870.6800537109375
2020-01-31,2008.719970703125
2020-02-03,2004.199951171875
2020-02-04,2049.669921875
2020-02-05,2039.8699951171875
2020-02-06,2050.22998046875
2020-02-07,2079.280029296875
2020-02-10,2133.909912109375
2020-02-11,2150.800048828125
2020-02-12,2160.0
2020-02-13,2149.8701171875
2020-02-14,2134.8701171875
2020-02-18,2155.669921875
2020-02-19,2170.219970703125
2020-02-20,2153.10009765625
2020-02-21,2095.969970703125
2020-02-24,2009.2900390625
2020-02-25,1972.739990234375
2020-02-26,1979.5899658203125
2020-02-27,1884.300048828125
2020-02-28,1883.75
2020-03-02,1953.949951171875
2020-03-03,1908.989990234375
2020-03-04,1975.8299560546875
2020-03-05,1924.030029296875
2020-03-06,1901.0899658203125
2020-03-09,1800.6099853515625
2020-03-10,1891.8199462890625
2020-03-11,1820.8599853515625
2020-03-12,1676.6099853515625
2020-03-13,1785.0
2020-03-16,1689.1500244140625
2020-03-17,1807.8399658203125
2020-03-18,1830.0
2020-03-19,1880.9300537109375
2020-03-20,1846.0899658203125
2020-03-23,1902.8299560546875
2020-03-24,1940.0999755859375
2020-03-25,1885.8399658203125
2020-03-26,1955.489990234375
2020-03-27,1900.0999755859375
2020-03-30,1963.949951171875
2020-03-31,1949.719970703125
2020-04-01,1907.699951171875
2020-04-02,1918.8299560546875
2020-04-03,1906.5899658203125
2020-04-06,1997.5899658203125
2020-04-07,2011.5999755859375
2020-04-08,2043.0
2020-04-09,2042.760009765625
2020-04-13,2168.8701171875
2020-04-14,2283.320068359375
2020-04-15,2307.679931640625
2020-04-16,2408.18994140625
2020-04-17,2375.0
2020-04-20,2393.610107421875
2020-04-21,2328.1201171875
2020-04-22,2363.489990234375
2020-04-23,2399.449951171875
2020-04-24,2410.219970703125
2020-04-27,2376.0
2020-04-28,2314.080078125
2020-04-29,2372.7099609375
2020-04-30,2474.0
2020-05-01,2286.0400390625
2020-05-04,2315.989990234375
2020-05-05,2317.800048828125
2020-05-06,2351.260009765625
2020-05-07,2367.610107421875
2020-05-08,2379.610107421875
2020-05-11,2409.0
2020-05-12,2356.949951171875
2020-05-13,2367.919921875
2020-05-14,2388.85009765625
2020-05-15,2409.780029296875
2020-05-18,2426.260009765625
2020-05-19,2449.330078125
2020-05-20,2497.93994140625
2020-05-21,2446.739990234375
2020-05-22,2436.8798828125
2020-05-26,2421.860107421875
2020-05-27,2410.389892578125
2020-05-28,2401.10009765625
2020-05-29,2442.3701171875
2020-06-01,2471.0400390625
2020-06-02,2472.409912109375
2020-06-03,2478.39990234375
2020-06-04,2460.60009765625
2020-06-05,2483.0
2020-06-08,2524.06005859375
2020-06-09,2600.860107421875
2020-06-10,2647.449951171875
2020-06-11,2557.9599609375
2020-06-12,2545.02001953125
2020-06-15,2572.679931640625
2020-06-16,2615.27001953125
2020-06-17,2640.97998046875
2020-06-18,2653.97998046875
2020-06-19,2675.010009765625
2020-06-22,2713.820068359375
2020-06-23,2764.409912109375
2020-06-24,2734.39990234375
2020-06-25,2754.580078125
2020-06-26,2692.8701171875
2020-06-29,2680.3798828125
2020-06-30,2758.820068359375
2020-07-01,2878.699951171875
2020-07-02,2890.300048828125
2020-07-06,3057.0400390625
2020-07-07,3000.1201171875
2020-07-08,3081.110107421875
2020-07-09,3182.6298828125
2020-07-10,3200.0
2020-07-13,3104.0
2020-07-14,3084.0
2020-07-15,3008.8701171875
2020-07-16,2999.89990234375
2020-07-17,2961.969970703125
2020-07-20,3196.840087890625
2020-07-21,3138.2900390625
2020-07-22,3099.909912109375
2020-07-23,2986.550048828125
2020-07-24,3008.909912109375
2020-07-27,3055.2099609375
2020-07-28,3000.330078125
2020-07-29,3033.530029296875
2020-07-30,3051.8798828125
2020-07-31,3164.679931640625
2020-08-03,3111.889892578125
2020-08-04,3138.830078125
2020-08-05,3205.030029296875
2020-08-06,3225.0
2020-08-07,3167.4599609375
2020-08-10,3148.159912109375
2020-08-11,3080.669921875
2020-08-12,3162.239990234375
2020-08-13,3161.02001953125
2020-08-14,3148.02001953125
2020-08-17,3182.409912109375
2020-08-18,3312.489990234375
2020-08-19,3260.47998046875
2020-08-20,3297.3701171875
2020-08-21,3284.719970703125
2020-08-24,3307.4599609375
2020-08-25,3346.489990234375
2020-08-26,3441.85009765625
2020-08-27,3400.0
2020-08-28,3401.800048828125
2020-08-31,3450.9599609375
2020-09-01,3499.1201171875
2020-09-02,3531.449951171875
2020-09-03,3368.0
2020-09-04,3294.6201171875
2020-09-08,3149.840087890625
2020-09-09,3268.610107421875
2020-09-10,3175.110107421875
2020-09-11,3116.219970703125
2020-09-14,3102.969970703125
2020-09-15,3156.1298828125
2020-09-16,3078.10009765625
2020-09-17,3008.72998046875
2020-09-18,2954.909912109375
2020-09-21,2960.469970703125
2020-09-22,3128.989990234375
2020-09-23,2999.860107421875
2020-09-24,3019.7900390625
2020-09-25,3095.1298828125
2020-09-28,3174.050048828125
2020-09-29,3144.8798828125
2020-09-30,3148.72998046875
2020-10-01,3221.260009765625
2020-10-02,3125.0
2020-10-05,3199.199951171875
2020-10-06,3099.9599609375
2020-10-07,3195.68994140625
2020-10-08,3190.550048828125
2020-10-09,3286.64990234375
2020-10-12,3442.929931640625
2020-10-13,3443.6298828125
2020-10-14,3363.7099609375
2020-10-15,3338.64990234375
2020-10-16,3272.7099609375
2020-10-19,3207.2099609375
2020-10-20,3217.010009765625
2020-10-21,3184.93994140625
2020-10-22,3176.39990234375
2020-10-23,3204.39990234375
2020-10-26,3207.0400390625
2020-10-27,3286.330078125
2020-10-28,3162.780029296875
2020-10-29,3211.010009765625
2020-10-30,3036.14990234375
2020-11-02,3004.47998046875
2020-11-03,3048.409912109375
2020-11-04,3241.159912109375
2020-11-05,3322.0
2020-11-06,3311.3701171875
2020-11-09,3143.739990234375
2020-11-10,3035.02001953125
2020-11-11,3137.389892578125
2020-11-12,3110.280029296875
2020-11-13,3128.81005859375
2020-11-16,3131.06005859375
2020-11-17,3135.659912109375
2020-11-18,3105.4599609375
2020-11-19,3117.02001953125
2020-11-20,3099.39990234375
2020-11-23,3098.389892578125
2020-11-24,3118.06005859375
2020-11-25,3185.070068359375
2020-11-27,3195.340087890625
2020-11-30,3168.0400390625
2020-12-01,3220.080078125
2020-12-02,3203.530029296875
2020-12-03,3186.72998046875
2020-12-04,3162.580078125
2020-12-07,3158.0
2020-12-08,3177.2900390625
2020-12-09,3104.199951171875
2020-12-10,3101.489990234375
2020-12-11,3116.419921875
2020-12-14,3156.969970703125
2020-12-15,3165.1201171875
2020-12-16,3240.9599609375
2020-12-17,3236.080078125
2020-12-18,3201.64990234375
2020-12-21,3206.179931640625
2020-12-22,3206.52001953125
2020-12-23,3185.27001953125
2020-12-24,3172.68994140625
2020-12-28,3283.9599609375
2020-12-29,3322.0
2020-12-30,3285.85009765625
2020-12-31,3256.929931640625
2021-01-04,3186.6298828125
2021-01-05,3218.510009765625
2021-01-06,3138.3798828125
2021-01-07,3162.159912109375
2021-01-08,3182.699951171875
2021-01-11,3114.2099609375
2021-01-12,3120.830078125
2021-01-13,3165.889892578125
2021-01-14,3127.469970703125
2021-01-15,3104.25
2021-01-19,3120.760009765625
2021-01-20,3263.3798828125
2021-01-21,3306.989990234375
2021-01-22,3292.22998046875
2021-01-25,3294.0
2021-01-26,3326.1298828125
2021-01-27,3232.580078125
2021-01-28,3237.6201171875
2021-01-29,3206.199951171875
2021-02-01,3342.8798828125
2021-02-02,3380.0
2021-02-03,3312.530029296875
2021-02-04,3331.0
2021-02-05,3352.14990234375
2021-02-08,3322.93994140625
2021-02-09,3305.0
2021-02-10,3286.580078125
2021-02-11,3262.1298828125
2021-02-12,3277.7099609375
2021-02-16,3268.949951171875
2021-02-17,3308.639892578125
2021-02-18,3328.22998046875
2021-02-19,3249.89990234375
2021-02-22,3180.739990234375
2021-02-23,3194.5
2021-02-24,3159.530029296875
2021-02-25,3057.159912109375
2021-02-26,3092.929931640625
2021-03-01,3146.139892578125
2021-03-02,3094.530029296875
2021-03-03,3005.0
2021-03-04,2977.570068359375
2021-03-05,3000.4599609375
2021-03-08,2951.949951171875
2021-03-09,3062.85009765625
2021-03-10,3057.639892578125
2021-03-11,3113.590087890625
2021-03-12,3089.489990234375
2021-03-15,3081.679931640625
2021-03-16,3091.860107421875
2021-03-17,3135.72998046875
2021-03-18,3027.989990234375
2021-03-19,3074.9599609375
2021-03-22,3110.8701171875
2021-03-23,3137.5
2021-03-24,3087.070068359375
2021-03-25,3046.260009765625
2021-03-26,3052.030029296875
2021-03-29,3075.72998046875
2021-03-30,3055.2900390625
2021-03-31,3094.080078125
2021-04-01,3161.0
2021-04-05,3226.72998046875
2021-04-06,3223.820068359375
2021-04-07,3279.389892578125
2021-04-08,3299.300048828125
2021-04-09,3372.199951171875
2021-04-12,3379.389892578125
2021-04-13,3400.0
2021-04-14,3333.0
2021-04-15,3379.090087890625
2021-04-16,3399.43994140625
2021-04-19,3372.010009765625
2021-04-20,3334.68994140625
2021-04-21,3362.02001953125
2021-04-22,3309.0400390625
2021-04-23,3340.8798828125
2021-04-26,3409.0
2021-04-27,3417.429931640625
2021-04-28,3458.5
2021-04-29,3471.31005859375
2021-04-30,3467.419921875
2021-05-03,3386.489990234375
2021-05-04,3311.8701171875
2021-05-05,3270.5400390625
2021-05-06,3306.3701171875
2021-05-07,3291.610107421875
2021-05-10,3190.489990234375
2021-05-11,3223.909912109375
2021-05-12,3151.93994140625
2021-05-13,3161.469970703125
2021-05-14,3222.89990234375
2021-05-17,3270.389892578125
2021-05-18,3232.280029296875
2021-05-19,3231.800048828125
2021-05-20,3247.679931640625
2021-05-21,3203.080078125
2021-05-24,3244.989990234375
2021-05-25,3259.050048828125
2021-05-26,3265.159912109375
2021-05-27,3230.110107421875
2021-05-28,3223.070068359375
2021-06-01,3218.64990234375
2021-06-02,3233.989990234375
2021-06-03,3187.010009765625
2021-06-04,3206.219970703125
2021-06-07,3198.010009765625
2021-06-08,3264.110107421875
2021-06-09,3281.14990234375
2021-06-10,3349.64990234375
2021-06-11,3346.830078125
2021-06-14,3383.8701171875
2021-06-15,3383.1298828125
2021-06-16,3415.25
2021-06-17,3489.239990234375
2021-06-18,3486.89990234375
2021-06-21,3453.9599609375
2021-06-22,3505.43994140625
2021-06-23,3503.820068359375
2021-06-24,3449.080078125
2021-06-25,3401.4599609375
2021-06-28,3443.889892578125
2021-06-29,3448.139892578125
2021-06-30,3440.159912109375
2021-07-01,3432.969970703125
2021-07-02,3510.97998046875
2021-07-06,3675.739990234375
2021-07-07,3696.580078125
2021-07-08,3731.409912109375
2021-07-09,3719.340087890625
2021-07-12,3718.550048828125
2021-07-13,3677.360107421875
2021-07-14,3681.679931640625
2021-07-15,3631.199951171875
2021-07-16,3573.6298828125
2021-07-19,3549.590087890625
2021-07-20,3573.18994140625
2021-07-21,3585.199951171875
2021-07-22,3638.030029296875
2021-07-23,3656.639892578125
2021-07-26,3699.820068359375
2021-07-27,3626.389892578125
2021-07-28,3630.320068359375
2021-07-29,3599.919921875
2021-07-30,3327.590087890625
2021-08-02,3331.47998046875
2021-08-03,3366.239990234375
2021-08-04,3354.719970703125
2021-08-05,3375.989990234375
2021-08-06,3344.93994140625
2021-08-09,3341.8701171875
2021-08-10,3320.679931640625
2021-08-11,3292.110107421875
2021-08-12,3303.5
2021-08-13,3293.969970703125
2021-08-16,3298.989990234375
2021-08-17,3241.9599609375
2021-08-18,3201.219970703125
2021-08-19,3187.75
2021-08-20,3199.949951171875
2021-08-23,3265.8701171875
2021-08-24,3305.780029296875
2021-08-25,3299.179931640625
2021-08-26,3316.0
2021-08-27,3349.6298828125
2021-08-30,3421.570068359375
2021-08-31,3470.7900390625
2021-09-01,3479.0
2021-09-02,3463.1201171875
2021-09-03,3478.050048828125
2021-09-07,3509.2900390625
2021-09-08,3525.5
2021-09-09,3484.159912109375
2021-09-10,3469.14990234375
2021-09-13,3457.169921875
2021-09-14,3450.0
2021-09-15,3475.7900390625
2021-09-16,3488.239990234375
2021-09-17,3462.52001953125
2021-09-20,3355.72998046875
2021-09-21,3343.6298828125
2021-09-22,3380.050048828125
2021-09-23,3416.0
2021-09-24,3425.52001953125
2021-09-27,3405.800048828125
2021-09-28,3315.9599609375
2021-09-29,3301.1201171875
2021-09-30,3285.0400390625
2021-10-01,3283.260009765625
2021-10-04,3189.780029296875
2021-10-05,3221.0
2021-10-06,3262.010009765625
2021-10-07,3302.429931640625
2021-10-08,3288.6201171875
2021-10-11,3246.300048828125
2021-10-12,3247.330078125
2021-10-13,3284.280029296875
2021-10-14,3299.860107421875
2021-10-15,3409.02001953125
2021-10-18,3446.739990234375
2021-10-19,3444.14990234375
2021-10-20,3415.06005859375
2021-10-21,3435.010009765625
2021-10-22,3335.550048828125
2021-10-25,3320.3701171875
2021-10-26,3376.070068359375
2021-10-27,3392.489990234375
2021-10-28,3446.570068359375
2021-10-29,3372.429931640625
2021-11-01,3318.110107421875
2021-11-02,3312.75
2021-11-03,3384.0
2021-11-04,3477.0
2021-11-05,3518.989990234375
2021-11-08,3488.97998046875
2021-11-09,3576.22998046875
2021-11-10,3482.050048828125
2021-11-11,3472.5
2021-11-12,3525.14990234375
2021-11-15,3545.679931640625
2021-11-16,3540.699951171875
2021-11-17,3549.0
2021-11-18,3696.06005859375
2021-11-19,3676.570068359375
2021-11-22,3572.570068359375
2021-11-23,3580.0400390625
2021-11-24,3580.409912109375
2021-11-26,3504.56005859375
2021-11-29,3561.570068359375
2021-11-30,3507.070068359375
2021-12-01,3443.719970703125
2021-12-02,3437.360107421875
2021-12-03,3389.7900390625
2021-12-06,3427.3701171875
2021-12-07,3523.2900390625
2021-12-08,3523.159912109375
2021-12-09,3483.419921875
2021-12-10,3444.239990234375
2021-12-13,3391.35009765625
2021-12-14,3381.830078125
2021-12-15,3466.300048828125
2021-12-16,3377.419921875
2021-12-17,3400.35009765625
2021-12-20,3341.580078125
2021-12-21,3408.340087890625
2021-12-22,3420.739990234375
2021-12-23,3421.3701171875
2021-12-27,3393.389892578125
2021-12-28,3413.219970703125
2021-12-29,3384.02001953125
2021-12-30,3372.889892578125
